daily,monthly
Ajmer,Ajmer
Alwar,Alwar
Anupgarh,Anupgarh
Balotra,Balotra
Banswara,Banswara
Baran,Baran
Barmer,Barmer
Bharatpur,Bharatpur
Bhilwara,Bhilwara
Bikaner,Bikaner
Bundi,Bundi
Chittorgarh,Chittorgarh
Churu,Churu
Dausa,Dausa
Deeg,Deeg
Dholpur,Dholpur
Didwana Kuchaman,Didwana Kuchaman
Dudu,Dudu
Dungarpur,Dungarpur
Gangapur,Gangapur
Hanumangarh,Hanumangarh
Jaipur,Jaipur
Jaisalmer,Jaisalmer
Jalore,Jalore
Jhalawar,Jhalawar
Jhunjhunu,Jhunjhunu
Jodhpur,Jodhpur
Karauli,Karauli
Kekri,Kekri
Khairthal Tijara,Khairthal Tijara
Kota,Kota
Neem ka Thana,Neem ka Thana
Pali,Pali
Phalodi,Phalodi
Pratapgarh,Pratapgarh
Rajsamand,Rajsamand
Sawai Madhopur,Sawai Madhopur
Shahpura,Shahpura
Sikar,Sikar
Sirohi,Sirohi
Sri Ganganagar,Sri Ganganagar
Tonk,Tonk
Udaipur,Udaipur
